Strategy,Average Profit (%),Standard Deviation (%),Risk-Adjusted Return
Arbitrage,157.53999999999996,0.0,inf
Full Kelly (100%),797.8312595227098,619.3594459803196,1.2881554720779398
Half Kelly (50%),421.026402650192,286.08744670841963,1.4716703144241843
Quarter Kelly (25%),213.16688345624524,141.09976388981713,1.510752942313244
